tag_name	operation_name	operation_code	gobject_change_log_id	gobject_id	change_date	operation_id	user_comment	configuration_version	user_profile_name
AnalogHiLo	CreateInstance	exCreateInstance	3	20	2015-06-11 18:27:46.973	14	Create object successful.	1	SystemEngineer
AnalogMeter90Degree	CreateInstance	exCreateInstance	4	21	2015-06-11 18:27:47.513	14	Create object successful.	1	SystemEngineer
AnalogMeter90DegreeBlack	CreateInstance	exCreateInstance	5	22	2015-06-11 18:27:47.683	14	Create object successful.	1	SystemEngineer
AnalogMeter180Degree	CreateInstance	exCreateInstance	6	23	2015-06-11 18:27:47.917	14	Create object successful.	1	SystemEngineer
AnalogMeter180DegreeBlack	CreateInstance	exCreateInstance	7	24	2015-06-11 18:27:48.110	14	Create object successful.	1	SystemEngineer
AnalogMeterFuelGauge	CreateInstance	exCreateInstance	8	25	2015-06-11 18:27:48.240	14	Create object successful.	1	SystemEngineer
AnalogMeterFuelGaugeBlack	CreateInstance	exCreateInstance	9	26	2015-06-11 18:27:48.383	14	Create object successful.	1	SystemEngineer
AnalogMeterGauge	CreateInstance	exCreateInstance	10	27	2015-06-11 18:27:48.537	14	Create object successful.	1	SystemEngineer
AnalogMeterGaugeBlack	CreateInstance	exCreateInstance	11	28	2015-06-11 18:27:48.703	14	Create object successful.	1	SystemEngineer
AnalogMeterHorz	CreateInstance	exCreateInstance	12	29	2015-06-11 18:27:48.863	14	Create object successful.	1	SystemEngineer
AnalogMeterHorzBlack	CreateInstance	exCreateInstance	13	30	2015-06-11 18:27:49.010	14	Create object successful.	1	SystemEngineer
AnalogMeterRound	CreateInstance	exCreateInstance	14	31	2015-06-11 18:27:49.240	14	Create object successful.	1	SystemEngineer
AnalogMeterRoundBlack	CreateInstance	exCreateInstance	15	32	2015-06-11 18:27:49.470	14	Create object successful.	1	SystemEngineer
AnalogMeterTach	CreateInstance	exCreateInstance	16	33	2015-06-11 18:27:49.650	14	Create object successful.	1	SystemEngineer
AnalogMeterTach	CheckOutSuccess	exCheckOutSuccess	671	33	2015-06-11 18:33:24.610	2	Check out by user.	44	DefaultUser
AnalogMeterTach	ModifiedGraphicOnly	exModifiedGraphicOnly	672	33	2015-06-11 18:33:25.743	38	Updated graphics.	44	DefaultUser
AnalogMeterTach	CheckInSuccess	exCheckInSuccess	673	33	2015-06-11 18:33:27.807	0	Check in by validation.	45	DefaultUser
AnalogMeterVert	CreateInstance	exCreateInstance	17	34	2015-06-11 18:27:49.787	14	Create object successful.	1	SystemEngineer
AnalogMeterVertBlack	CreateInstance	exCreateInstance	18	35	2015-06-11 18:27:49.947	14	Create object successful.	1	SystemEngineer
AnalogWeather	CreateInstance	exCreateInstance	19	36	2015-06-11 18:27:50.130	14	Create object successful.	1	SystemEngineer
AppEngineRedundancyDisplay	CreateInstance	exCreateInstance	20	37	2015-06-11 18:27:50.997	14	Create object successful.	1	SystemEngineer
AppEngineRedundancyDisplay	CheckOutSuccess	exCheckOutSuccess	674	37	2015-06-11 18:33:31.177	2	Check out by user.	188	DefaultUser
AppEngineRedundancyDisplay	ModifiedGraphicOnly	exModifiedGraphicOnly	675	37	2015-06-11 18:33:33.203	38	Updated graphics.	188	DefaultUser
AppEngineRedundancyDisplay	CheckInSuccess	exCheckInSuccess	676	37	2015-06-11 18:33:33.540	0	Check in by validation.	189	DefaultUser
ArchestrAnaut	CreateInstance	exCreateInstance	21	38	2015-06-11 18:27:51.330	14	Create object successful.	1	SystemEngineer
ArchestrAnaut	CheckOutSuccess	exCheckOutSuccess	677	38	2015-06-11 18:33:34.720	2	Check out by user.	23	DefaultUser
ArchestrAnaut	ModifiedGraphicOnly	exModifiedGraphicOnly	679	38	2015-06-11 18:33:35.730	38	Updated graphics.	23	DefaultUser
ArchestrAnaut	CheckInSuccess	exCheckInSuccess	682	38	2015-06-11 18:33:36.133	0	Check in by validation.	24	DefaultUser
BoilerWithFlames	CreateInstance	exCreateInstance	22	39	2015-06-11 18:27:51.520	14	Create object successful.	1	SystemEngineer
BoilerWithHorizontalFlames	CreateInstance	exCreateInstance	23	40	2015-06-11 18:27:51.677	14	Create object successful.	1	SystemEngineer
ButtonActiveFactoryRunner	CreateInstance	exCreateInstance	24	41	2015-06-11 18:27:51.833	14	Create object successful.	1	SystemEngineer
ButtonArrowsHorz	CreateInstance	exCreateInstance	25	42	2015-06-11 18:27:52.043	14	Create object successful.	1	SystemEngineer
ButtonArrowsVert	CreateInstance	exCreateInstance	26	43	2015-06-11 18:27:52.283	14	Create object successful.	1	SystemEngineer
ButtonCheckbox	CreateInstance	exCreateInstance	27	44	2015-06-11 18:27:52.373	14	Create object successful.	1	SystemEngineer
ButtonChromeMomentaryBlack	CreateInstance	exCreateInstance	28	45	2015-06-11 18:27:52.473	14	Create object successful.	1	SystemEngineer
ButtonChromeMomentaryBlue	CreateInstance	exCreateInstance	29	46	2015-06-11 18:27:52.590	14	Create object successful.	1	SystemEngineer
ButtonChromeMomentaryGreen	CreateInstance	exCreateInstance	30	47	2015-06-11 18:27:52.700	14	Create object successful.	1	SystemEngineer
ButtonChromeMomentaryOrange	CreateInstance	exCreateInstance	31	48	2015-06-11 18:27:52.817	14	Create object successful.	1	SystemEngineer
ButtonChromeMomentaryRed	CreateInstance	exCreateInstance	32	49	2015-06-11 18:27:52.943	14	Create object successful.	1	SystemEngineer
ButtonChromeMomentaryWhite	CreateInstance	exCreateInstance	33	50	2015-06-11 18:27:53.060	14	Create object successful.	1	SystemEngineer
ButtonChromeMomentaryYellow	CreateInstance	exCreateInstance	34	51	2015-06-11 18:27:53.167	14	Create object successful.	1	SystemEngineer
ButtonClose	CreateInstance	exCreateInstance	35	52	2015-06-11 18:27:53.287	14	Create object successful.	1	SystemEngineer
ButtonCloseVista	CreateInstance	exCreateInstance	36	53	2015-06-11 18:27:53.450	14	Create object successful.	1	SystemEngineer
ButtonExcelRunner	CreateInstance	exCreateInstance	37	54	2015-06-11 18:27:53.593	14	Create object successful.	1	SystemEngineer
ButtonGelBlue	CreateInstance	exCreateInstance	38	55	2015-06-11 18:27:53.723	14	Create object successful.	1	SystemEngineer
ButtonGelGreen	CreateInstance	exCreateInstance	39	56	2015-06-11 18:27:53.870	14	Create object successful.	1	SystemEngineer
ButtonGelOrange	CreateInstance	exCreateInstance	40	57	2015-06-11 18:27:54.000	14	Create object successful.	1	SystemEngineer
ButtonGelPurple	CreateInstance	exCreateInstance	41	58	2015-06-11 18:27:54.130	14	Create object successful.	1	SystemEngineer
ButtonGelRed	CreateInstance	exCreateInstance	42	59	2015-06-11 18:27:54.293	14	Create object successful.	1	SystemEngineer
ButtonGelYellow	CreateInstance	exCreateInstance	43	60	2015-06-11 18:27:54.420	14	Create object successful.	1	SystemEngineer
ButtonGlossyBlue	CreateInstance	exCreateInstance	44	61	2015-06-11 18:27:54.573	14	Create object successful.	1	SystemEngineer
ButtonGlossyDotGreenRed	CreateInstance	exCreateInstance	45	62	2015-06-11 18:27:54.800	14	Create object successful.	1	SystemEngineer
ButtonGlossyDotMomentaryBlue	CreateInstance	exCreateInstance	46	63	2015-06-11 18:27:54.957	14	Create object successful.	1	SystemEngineer
ButtonGlossyDotMomentaryGreen	CreateInstance	exCreateInstance	47	64	2015-06-11 18:27:55.083	14	Create object successful.	1	SystemEngineer
ButtonGlossyDotMomentaryOrange	CreateInstance	exCreateInstance	48	65	2015-06-11 18:27:55.270	14	Create object successful.	1	SystemEngineer
ButtonGlossyDotMomentaryPurple	CreateInstance	exCreateInstance	49	66	2015-06-11 18:27:55.403	14	Create object successful.	1	SystemEngineer
ButtonGlossyDotMomentaryRed	CreateInstance	exCreateInstance	50	67	2015-06-11 18:27:55.557	14	Create object successful.	1	SystemEngineer
ButtonGlossyDotMomentaryYellow	CreateInstance	exCreateInstance	51	68	2015-06-11 18:27:55.723	14	Create object successful.	1	SystemEngineer
ButtonGlossyDotUpDown	CreateInstance	exCreateInstance	52	69	2015-06-11 18:27:56.030	14	Create object successful.	1	SystemEngineer
ButtonGlossyGreen	CreateInstance	exCreateInstance	53	70	2015-06-11 18:27:56.180	14	Create object successful.	1	SystemEngineer
ButtonGlossyOrange	CreateInstance	exCreateInstance	54	71	2015-06-11 18:27:56.360	14	Create object successful.	1	SystemEngineer
ButtonGlossyPurple	CreateInstance	exCreateInstance	55	72	2015-06-11 18:27:56.500	14	Create object successful.	1	SystemEngineer
ButtonGlossyRed	CreateInstance	exCreateInstance	56	73	2015-06-11 18:27:56.700	14	Create object successful.	1	SystemEngineer
ButtonGlossyTriangleUpDown	CreateInstance	exCreateInstance	57	74	2015-06-11 18:27:57.003	14	Create object successful.	1	SystemEngineer
ButtonGlossyYellow	CreateInstance	exCreateInstance	58	75	2015-06-11 18:27:57.163	14	Create object successful.	1	SystemEngineer
ButtonHexPushGreen	CreateInstance	exCreateInstance	59	76	2015-06-11 18:27:57.403	14	Create object successful.	1	SystemEngineer
ButtonHexPushGreenLight	CreateInstance	exCreateInstance	60	77	2015-06-11 18:27:57.667	14	Create object successful.	1	SystemEngineer
ButtonHexPushGreenRedLight	CreateInstance	exCreateInstance	61	78	2015-06-11 18:27:57.880	14	Create object successful.	1	SystemEngineer
ButtonHexPushRed	CreateInstance	exCreateInstance	62	79	2015-06-11 18:27:58.080	14	Create object successful.	1	SystemEngineer
ButtonHexPushRedLight	CreateInstance	exCreateInstance	63	80	2015-06-11 18:27:58.297	14	Create object successful.	1	SystemEngineer
ButtonHexPushYellow	CreateInstance	exCreateInstance	64	81	2015-06-11 18:27:58.487	14	Create object successful.	1	SystemEngineer
ButtonHexPushYellowLight	CreateInstance	exCreateInstance	65	82	2015-06-11 18:27:58.710	14	Create object successful.	1	SystemEngineer
ButtonKeyBlack	CreateInstance	exCreateInstance	66	83	2015-06-11 18:27:58.837	14	Create object successful.	1	SystemEngineer
ButtonKeyBlack	CheckOutSuccess	exCheckOutSuccess	704	83	2015-06-11 18:33:49.830	2	Check out by user.	17	DefaultUser
ButtonKeyBlack	ModifiedGraphicOnly	exModifiedGraphicOnly	705	83	2015-06-11 18:33:50.000	38	Updated graphics.	17	DefaultUser
ButtonKeyBlack	CheckInSuccess	exCheckInSuccess	706	83	2015-06-11 18:33:50.333	0	Check in by validation.	18	DefaultUser
ButtonKeyCream	CreateInstance	exCreateInstance	67	84	2015-06-11 18:27:59.193	14	Create object successful.	1	SystemEngineer
ButtonMomentaryPower	CreateInstance	exCreateInstance	68	85	2015-06-11 18:27:59.297	14	Create object successful.	1	SystemEngineer
ButtonOutlookRunner	CreateInstance	exCreateInstance	69	86	2015-06-11 18:27:59.427	14	Create object successful.	1	SystemEngineer
ButtonPlusMinusHorz	CreateInstance	exCreateInstance	70	87	2015-06-11 18:27:59.657	14	Create object successful.	1	SystemEngineer
ButtonPlusMinusVert	CreateInstance	exCreateInstance	71	88	2015-06-11 18:27:59.880	14	Create object successful.	1	SystemEngineer
ButtonPowerIllum	CreateInstance	exCreateInstance	72	89	2015-06-11 18:28:00.047	14	Create object successful.	1	SystemEngineer
ButtonPushPullGreen	CreateInstance	exCreateInstance	73	90	2015-06-11 18:28:00.187	14	Create object successful.	1	SystemEngineer
ButtonPushPullIllumGreen	CreateInstance	exCreateInstance	74	91	2015-06-11 18:28:00.320	14	Create object successful.	1	SystemEngineer
ButtonPushPullIllumRed	CreateInstance	exCreateInstance	75	92	2015-06-11 18:28:00.490	14	Create object successful.	1	SystemEngineer
ButtonPushPullRed	CreateInstance	exCreateInstance	76	93	2015-06-11 18:28:00.613	14	Create object successful.	1	SystemEngineer
ButtonRadioStyle	CreateInstance	exCreateInstance	77	94	2015-06-11 18:28:00.700	14	Create object successful.	1	SystemEngineer
ButtonRectangleGlassBlue	CreateInstance	exCreateInstance	78	95	2015-06-11 18:28:00.867	14	Create object successful.	1	SystemEngineer
ButtonRectangleGlassGreen	CreateInstance	exCreateInstance	79	96	2015-06-11 18:28:01.053	14	Create object successful.	1	SystemEngineer
ButtonRectangleGlassOrange	CreateInstance	exCreateInstance	80	97	2015-06-11 18:28:01.207	14	Create object successful.	1	SystemEngineer
ButtonRectangleGlassRed	CreateInstance	exCreateInstance	81	98	2015-06-11 18:28:01.377	14	Create object successful.	1	SystemEngineer
ButtonRectangleGlassYellow	CreateInstance	exCreateInstance	82	99	2015-06-11 18:28:01.537	14	Create object successful.	1	SystemEngineer
ButtonRoundBlack	CreateInstance	exCreateInstance	83	100	2015-06-11 18:28:01.700	14	Create object successful.	1	SystemEngineer
ButtonRoundBlue	CreateInstance	exCreateInstance	84	101	2015-06-11 18:28:01.880	14	Create object successful.	1	SystemEngineer
ButtonRoundGlassBlue	CreateInstance	exCreateInstance	85	102	2015-06-11 18:28:02.050	14	Create object successful.	1	SystemEngineer
ButtonRoundGlassGreen	CreateInstance	exCreateInstance	86	103	2015-06-11 18:28:02.187	14	Create object successful.	1	SystemEngineer
ButtonRoundGlassOrange	CreateInstance	exCreateInstance	87	104	2015-06-11 18:28:02.360	14	Create object successful.	1	SystemEngineer
ButtonRoundGlassRed	CreateInstance	exCreateInstance	88	105	2015-06-11 18:28:02.517	14	Create object successful.	1	SystemEngineer
ButtonRoundGlassYellow	CreateInstance	exCreateInstance	89	106	2015-06-11 18:28:02.667	14	Create object successful.	1	SystemEngineer
ButtonRoundGreen	CreateInstance	exCreateInstance	90	107	2015-06-11 18:28:02.847	14	Create object successful.	1	SystemEngineer